what,kind,bundleId,bundleVersion,description,time
deactivated,workbench,org.eclipse.ui.workbench,3.7.1.v20120104-1859,"",1389284212335
activated,workbench,org.eclipse.ui.workbench,3.7.1.v20120104-1859,"",1389284404181
activated,editor,org.eclipse.wst.css.ui,1.0.601.v201201101544,"org.eclipse.wst.css.core.csssource.source",1389284412212
executed,command,org.eclipse.ui,3.7.0.v20110928-1505,"org.eclipse.ui.edit.paste",1389284414184
activated,editor,org.eclipse.wst.html.ui,1.0.602.v201202091936,"org.eclipse.wst.html.core.htmlsource.source",1389284418375
executed,command,org.eclipse.ui,3.7.0.v20110928-1505,"org.eclipse.ui.file.save",1389284428599
activated,editor,org.eclipse.wst.css.ui,1.0.601.v201201101544,"org.eclipse.wst.css.core.csssource.source",1389284444096
executed,command,org.eclipse.ui,3.7.0.v20110928-1505,"org.eclipse.ui.file.save",1389284464504
deactivated,workbench,org.eclipse.ui.workbench,3.7.1.v20120104-1859,"",1389284467073
activated,workbench,org.eclipse.ui.workbench,3.7.1.v20120104-1859,"",1389284471372
deactivated,workbench,org.eclipse.ui.workbench,3.7.1.v20120104-1859,"",1389284479660
activated,workbench,org.eclipse.ui.workbench,3.7.1.v20120104-1859,"",1389284493204
activated,editor,org.eclipse.wst.html.ui,1.0.602.v201202091936,"org.eclipse.wst.html.core.htmlsource.source",1389284495679
executed,command,org.eclipse.ui,3.7.0.v20110928-1505,"org.eclipse.ui.file.save",1389284499611
deactivated,workbench,org.eclipse.ui.workbench,3.7.1.v20120104-1859,"",1389284502220
activated,workbench,org.eclipse.ui.workbench,3.7.1.v20120104-1859,"",1389284512599
activated,editor,org.eclipse.wst.css.ui,1.0.601.v201201101544,"org.eclipse.wst.css.core.csssource.source",1389284516451
executed,command,org.eclipse.ui,3.7.0.v20110928-1505,"org.eclipse.ui.file.save",1389284523034
executed,command,org.eclipse.ui,3.7.0.v20110928-1505,"org.eclipse.ui.edit.undo",1389284562905
executed,command,org.eclipse.ui.workbench.texteditor,3.7.0.v20110928-1504,"org.eclipse.ui.edit.text.goto.lineEnd",1389284564313
executed,command,org.eclipse.ui.workbench.texteditor,3.7.0.v20110928-1504,"org.eclipse.ui.edit.text.deletePreviousWord",1389284564544
executed,command,org.eclipse.ui.workbench.texteditor,3.7.0.v20110928-1504,"org.eclipse.ui.edit.text.deletePreviousWord",1389284564924
executed,command,org.eclipse.ui,3.7.0.v20110928-1505,"org.eclipse.ui.file.save",1389284566736
deactivated,workbench,org.eclipse.ui.workbench,3.7.1.v20120104-1859,"",1389284567225
activated,workbench,org.eclipse.ui.workbench,3.7.1.v20120104-1859,"",1389284572966
activated,editor,org.eclipse.wst.html.ui,1.0.602.v201202091936,"org.eclipse.wst.html.core.htmlsource.source",1389284583976
deactivated,workbench,org.eclipse.ui.workbench,3.7.1.v20120104-1859,"",1389284600431
activated,workbench,org.eclipse.ui.workbench,3.7.1.v20120104-1859,"",1389284820083
activated,editor,org.eclipse.wst.css.ui,1.0.601.v201201101544,"org.eclipse.wst.css.core.csssource.source",1389284882580
executed,command,org.eclipse.ui,3.7.0.v20110928-1505,"org.eclipse.ui.file.save",1389284888847
deactivated,workbench,org.eclipse.ui.workbench,3.7.1.v20120104-1859,"",1389284889257
activated,workbench,org.eclipse.ui.workbench,3.7.1.v20120104-1859,"",1389284894482
executed,command,org.eclipse.ui,3.7.0.v20110928-1505,"org.eclipse.ui.file.save",1389284900681
executed,command,org.eclipse.ui,3.7.0.v20110928-1505,"org.eclipse.ui.file.save",1389284905133
deactivated,workbench,org.eclipse.ui.workbench,3.7.1.v20120104-1859,"",1389284905543
activated,workbench,org.eclipse.ui.workbench,3.7.1.v20120104-1859,"",1389284907752
executed,command,org.eclipse.ui.workbench.texteditor,3.7.0.v20110928-1504,"org.eclipse.ui.edit.text.goto.lineEnd",1389284908823
executed,command,org.eclipse.ui.workbench.texteditor,3.7.0.v20110928-1504,"org.eclipse.ui.edit.text.select.lineStart",1389284909033
activated,editor,org.eclipse.wst.html.ui,1.0.602.v201202091936,"org.eclipse.wst.html.core.htmlsource.source",1389284914926
executed,command,org.eclipse.ui.workbench.texteditor,3.7.0.v20110928-1504,"org.eclipse.ui.edit.text.goto.lineStart",1389284924870
executed,command,org.eclipse.ui.workbench.texteditor,3.7.0.v20110928-1504,"org.eclipse.ui.edit.text.goto.lineStart",1389284925040
executed,command,org.eclipse.ui.workbench.texteditor,3.7.0.v20110928-1504,"org.eclipse.ui.edit.text.goto.lineStart",1389284925220
deactivated,workbench,org.eclipse.ui.workbench,3.7.1.v20120104-1859,"",1389284928394
activated,workbench,org.eclipse.ui.workbench,3.7.1.v20120104-1859,"",1389284955877
deactivated,workbench,org.eclipse.ui.workbench,3.7.1.v20120104-1859,"",1389284958529
activated,workbench,org.eclipse.ui.workbench,3.7.1.v20120104-1859,"",1389284959460
deactivated,workbench,org.eclipse.ui.workbench,3.7.1.v20120104-1859,"",1389284964542
activated,workbench,org.eclipse.ui.workbench,3.7.1.v20120104-1859,"",1389284965633
deactivated,workbench,org.eclipse.ui.workbench,3.7.1.v20120104-1859,"",1389284970124
activated,workbench,org.eclipse.ui.workbench,3.7.1.v20120104-1859,"",1389284971205
executed,command,org.eclipse.ui,3.7.0.v20110928-1505,"org.eclipse.ui.file.save",1389284976364
deactivated,workbench,org.eclipse.ui.workbench,3.7.1.v20120104-1859,"",1389284978208
activated,workbench,org.eclipse.ui.workbench,3.7.1.v20120104-1859,"",1389284980150
executed,command,org.eclipse.ui,3.7.0.v20110928-1505,"org.eclipse.ui.file.save",1389284981602
deactivated,workbench,org.eclipse.ui.workbench,3.7.1.v20120104-1859,"",1389284983042
activated,workbench,org.eclipse.ui.workbench,3.7.1.v20120104-1859,"",1389284989245
activated,editor,org.eclipse.wst.css.ui,1.0.601.v201201101544,"org.eclipse.wst.css.core.csssource.source",1389284995359
executed,command,org.eclipse.ui,3.7.0.v20110928-1505,"org.eclipse.ui.edit.cut",1389284999873
executed,command,org.eclipse.ui,3.7.0.v20110928-1505,"org.eclipse.ui.file.save",1389285000133
deactivated,workbench,org.eclipse.ui.workbench,3.7.1.v20120104-1859,"",1389285000522
activated,workbench,org.eclipse.ui.workbench,3.7.1.v20120104-1859,"",1389285011350
deactivated,workbench,org.eclipse.ui.workbench,3.7.1.v20120104-1859,"",1389285016921
activated,workbench,org.eclipse.ui.workbench,3.7.1.v20120104-1859,"",1389285019095
deactivated,workbench,org.eclipse.ui.workbench,3.7.1.v20120104-1859,"",1389285020083
activated,workbench,org.eclipse.ui.workbench,3.7.1.v20120104-1859,"",1389285022997
executed,command,org.eclipse.ui.workbench.texteditor,3.7.0.v20110928-1504,"org.eclipse.ui.edit.text.deletePreviousWord",1389285029980
executed,command,org.eclipse.ui,3.7.0.v20110928-1505,"org.eclipse.ui.file.save",1389285031500
deactivated,workbench,org.eclipse.ui.workbench,3.7.1.v20120104-1859,"",1389285031981
activated,workbench,org.eclipse.ui.workbench,3.7.1.v20120104-1859,"",1389285036115
executed,command,org.eclipse.ui,3.7.0.v20110928-1505,"org.eclipse.ui.file.save",1389285039535
deactivated,workbench,org.eclipse.ui.workbench,3.7.1.v20120104-1859,"",1389285039895
activated,workbench,org.eclipse.ui.workbench,3.7.1.v20120104-1859,"",1389285041680
executed,command,org.eclipse.ui,3.7.0.v20110928-1505,"org.eclipse.ui.file.save",1389285045079
deactivated,workbench,org.eclipse.ui.workbench,3.7.1.v20120104-1859,"",1389285045560
activated,workbench,org.eclipse.ui.workbench,3.7.1.v20120104-1859,"",1389285047972
activated,editor,org.eclipse.wst.html.ui,1.0.602.v201202091936,"org.eclipse.wst.html.core.htmlsource.source",1389285057631
executed,command,org.eclipse.ui.workbench.texteditor,3.7.0.v20110928-1504,"org.eclipse.ui.edit.text.select.lineStart",1389285068634
executed,command,org.eclipse.ui.workbench.texteditor,3.7.0.v20110928-1504,"org.eclipse.ui.edit.text.select.lineStart",1389285068794
executed,command,org.eclipse.ui,3.7.0.v20110928-1505,"org.eclipse.ui.file.save",1389285069529
deactivated,workbench,org.eclipse.ui.workbench,3.7.1.v20120104-1859,"",1389285069967
activated,workbench,org.eclipse.ui.workbench,3.7.1.v20120104-1859,"",1389285072191
activated,editor,org.eclipse.wst.css.ui,1.0.601.v201201101544,"org.eclipse.wst.css.core.csssource.source",1389285074661
executed,command,org.eclipse.ui,3.7.0.v20110928-1505,"org.eclipse.ui.file.save",1389285077925
deactivated,workbench,org.eclipse.ui.workbench,3.7.1.v20120104-1859,"",1389285079194
activated,workbench,org.eclipse.ui.workbench,3.7.1.v20120104-1859,"",1389285081036
executed,command,org.eclipse.ui,3.7.0.v20110928-1505,"org.eclipse.ui.edit.undo",1389285087598
executed,command,org.eclipse.ui,3.7.0.v20110928-1505,"org.eclipse.ui.edit.undo",1389285088098
executed,command,org.eclipse.ui.workbench.texteditor,3.7.0.v20110928-1504,"org.eclipse.ui.edit.text.select.wordPrevious",1389285089508
executed,command,org.eclipse.ui,3.7.0.v20110928-1505,"org.eclipse.ui.file.save",1389285091383
deactivated,workbench,org.eclipse.ui.workbench,3.7.1.v20120104-1859,"",1389285092022
activated,workbench,org.eclipse.ui.workbench,3.7.1.v20120104-1859,"",1389285094797
deactivated,workbench,org.eclipse.ui.workbench,3.7.1.v20120104-1859,"",1389285100968
activated,workbench,org.eclipse.ui.workbench,3.7.1.v20120104-1859,"",1389285269885
deactivated,workbench,org.eclipse.ui.workbench,3.7.1.v20120104-1859,"",1389285274229
activated,workbench,org.eclipse.ui.workbench,3.7.1.v20120104-1859,"",1389285278685
activated,editor,org.eclipse.wst.html.ui,1.0.602.v201202091936,"org.eclipse.wst.html.core.htmlsource.source",1389285280545
executed,command,org.eclipse.ui.workbench.texteditor,3.7.0.v20110928-1504,"org.eclipse.ui.edit.text.goto.lineStart",1389285283916
executed,command,org.eclipse.ui.workbench.texteditor,3.7.0.v20110928-1504,"org.eclipse.ui.edit.text.select.lineEnd",1389285284157
executed,command,org.eclipse.ui,3.7.0.v20110928-1505,"org.eclipse.ui.edit.cut",1389285284894
executed,command,org.eclipse.ui,3.7.0.v20110928-1505,"org.eclipse.ui.file.save",1389285285456
deactivated,workbench,org.eclipse.ui.workbench,3.7.1.v20120104-1859,"",1389285285860
activated,workbench,org.eclipse.ui.workbench,3.7.1.v20120104-1859,"",1389285289313
executed,command,org.eclipse.ui,3.7.0.v20110928-1505,"org.eclipse.ui.edit.undo",1389285290029
executed,command,org.eclipse.ui,3.7.0.v20110928-1505,"org.eclipse.ui.file.save",1389285290734
executed,command,org.eclipse.ui.workbench.texteditor,3.7.0.v20110928-1504,"org.eclipse.ui.edit.text.goto.lineEnd",1389285297371
executed,command,org.eclipse.ui.workbench.texteditor,3.7.0.v20110928-1504,"org.eclipse.ui.edit.text.goto.lineEnd",1389285297643
executed,command,org.eclipse.ui.workbench.texteditor,3.7.0.v20110928-1504,"org.eclipse.ui.edit.text.goto.lineStart",1389285299131
activated,editor,org.eclipse.wst.css.ui,1.0.601.v201201101544,"org.eclipse.wst.css.core.csssource.source",1389285301343
activated,editor,org.eclipse.wst.html.ui,1.0.602.v201202091936,"org.eclipse.wst.html.core.htmlsource.source",1389285306203
executed,command,org.eclipse.ui.workbench.texteditor,3.7.0.v20110928-1504,"org.eclipse.ui.edit.text.select.lineEnd",1389285307109
executed,command,org.eclipse.ui,3.7.0.v20110928-1505,"org.eclipse.ui.edit.cut",1389285309319
activated,editor,org.eclipse.wst.css.ui,1.0.601.v201201101544,"org.eclipse.wst.css.core.csssource.source",1389285310304
executed,command,org.eclipse.ui,3.7.0.v20110928-1505,"org.eclipse.ui.edit.paste",1389285310746
activated,editor,org.eclipse.wst.html.ui,1.0.602.v201202091936,"org.eclipse.wst.html.core.htmlsource.source",1389285315511
executed,command,org.eclipse.ui.workbench.texteditor,3.7.0.v20110928-1504,"org.eclipse.ui.edit.text.select.lineStart",1389285316581
executed,command,org.eclipse.ui.workbench.texteditor,3.7.0.v20110928-1504,"org.eclipse.ui.edit.text.select.lineStart",1389285316780
executed,command,org.eclipse.ui,3.7.0.v20110928-1505,"org.eclipse.ui.file.save",1389285328472
deactivated,workbench,org.eclipse.ui.workbench,3.7.1.v20120104-1859,"",1389285329086
activated,workbench,org.eclipse.ui.workbench,3.7.1.v20120104-1859,"",1389285331840
deactivated,workbench,org.eclipse.ui.workbench,3.7.1.v20120104-1859,"",1389285341908
activated,workbench,org.eclipse.ui.workbench,3.7.1.v20120104-1859,"",1389285342724
activated,editor,org.eclipse.wst.css.ui,1.0.601.v201201101544,"org.eclipse.wst.css.core.csssource.source",1389285350173
activated,editor,org.eclipse.wst.html.ui,1.0.602.v201202091936,"org.eclipse.wst.html.core.htmlsource.source",1389285357884
executed,command,org.eclipse.ui,3.7.0.v20110928-1505,"org.eclipse.ui.edit.copy",1389285363174
activated,editor,org.eclipse.wst.css.ui,1.0.601.v201201101544,"org.eclipse.wst.css.core.csssource.source",1389285364496
executed,command,org.eclipse.ui,3.7.0.v20110928-1505,"org.eclipse.ui.edit.paste",1389285365509
executed,command,org.eclipse.ui,3.7.0.v20110928-1505,"org.eclipse.ui.file.save",1389285366009
deactivated,workbench,org.eclipse.ui.workbench,3.7.1.v20120104-1859,"",1389285366521
activated,workbench,org.eclipse.ui.workbench,3.7.1.v20120104-1859,"",1389285370721
executed,command,org.eclipse.ui,3.7.0.v20110928-1505,"org.eclipse.ui.edit.undo",1389285371780
executed,command,org.eclipse.ui,3.7.0.v20110928-1505,"org.eclipse.ui.edit.redo",1389285374242
executed,command,org.eclipse.ui,3.7.0.v20110928-1505,"org.eclipse.ui.file.save",1389285375793
activated,editor,org.eclipse.wst.html.ui,1.0.602.v201202091936,"org.eclipse.wst.html.core.htmlsource.source",1389285376144
executed,command,org.eclipse.ui,3.7.0.v20110928-1505,"org.eclipse.ui.file.save",1389285376596
deactivated,workbench,org.eclipse.ui.workbench,3.7.1.v20120104-1859,"",1389285377437
activated,workbench,org.eclipse.ui.workbench,3.7.1.v20120104-1859,"",1389285380234
activated,editor,org.eclipse.wst.css.ui,1.0.601.v201201101544,"org.eclipse.wst.css.core.csssource.source",1389285381023
deactivated,workbench,org.eclipse.ui.workbench,3.7.1.v20120104-1859,"",1389285382225
activated,workbench,org.eclipse.ui.workbench,3.7.1.v20120104-1859,"",1389285384189
executed,command,org.eclipse.ui,3.7.0.v20110928-1505,"org.eclipse.ui.file.save",1389285406838
deactivated,workbench,org.eclipse.ui.workbench,3.7.1.v20120104-1859,"",1389285408049
activated,workbench,org.eclipse.ui.workbench,3.7.1.v20120104-1859,"",1389285444725
deactivated,workbench,org.eclipse.ui.workbench,3.7.1.v20120104-1859,"",1389285446885
activated,workbench,org.eclipse.ui.workbench,3.7.1.v20120104-1859,"",1389285530319
deactivated,workbench,org.eclipse.ui.workbench,3.7.1.v20120104-1859,"",1389285530941
activated,workbench,org.eclipse.ui.workbench,3.7.1.v20120104-1859,"",1389285534347
deactivated,workbench,org.eclipse.ui.workbench,3.7.1.v20120104-1859,"",1389285535981
activated,workbench,org.eclipse.ui.workbench,3.7.1.v20120104-1859,"",1389285600346
activated,editor,org.eclipse.wst.html.ui,1.0.602.v201202091936,"org.eclipse.wst.html.core.htmlsource.source",1389285608148
executed,command,org.eclipse.ui,3.7.0.v20110928-1505,"org.eclipse.ui.file.save",1389285611326
activated,editor,org.eclipse.wst.css.ui,1.0.601.v201201101544,"org.eclipse.wst.css.core.csssource.source",1389285612509
executed,command,org.eclipse.ui.workbench.texteditor,3.7.0.v20110928-1504,"org.eclipse.ui.edit.text.goto.lineEnd",1389285617439
executed,command,org.eclipse.ui,3.7.0.v20110928-1505,"org.eclipse.ui.file.save",1389285618822
deactivated,workbench,org.eclipse.ui.workbench,3.7.1.v20120104-1859,"",1389285619284
activated,workbench,org.eclipse.ui.workbench,3.7.1.v20120104-1859,"",1389285630164
executed,command,org.eclipse.ui.workbench.texteditor,3.7.0.v20110928-1504,"org.eclipse.ui.edit.text.deletePreviousWord",1389285640960
executed,command,org.eclipse.ui,3.7.0.v20110928-1505,"org.eclipse.ui.file.save",1389285642461
deactivated,workbench,org.eclipse.ui.workbench,3.7.1.v20120104-1859,"",1389285642813
activated,workbench,org.eclipse.ui.workbench,3.7.1.v20120104-1859,"",1389285646560
activated,editor,org.eclipse.wst.jsdt.ui,1.1.102.v201201131900,"org.eclipse.wst.jsdt.ui.CompilationUnitEditor",1389285647841
deactivated,workbench,org.eclipse.ui.workbench,3.7.1.v20120104-1859,"",1389285657396
activated,workbench,org.eclipse.ui.workbench,3.7.1.v20120104-1859,"",1389285674988
executed,command,org.eclipse.ui,3.7.0.v20110928-1505,"org.eclipse.ui.file.save",1389285694749
deactivated,workbench,org.eclipse.ui.workbench,3.7.1.v20120104-1859,"",1389285697223
activated,workbench,org.eclipse.ui.workbench,3.7.1.v20120104-1859,"",1389285725385
deactivated,workbench,org.eclipse.ui.workbench,3.7.1.v20120104-1859,"",1389285738085
activated,workbench,org.eclipse.ui.workbench,3.7.1.v20120104-1859,"",1389285743245
executed,command,org.eclipse.ui,3.7.0.v20110928-1505,"org.eclipse.ui.edit.undo",1389285747075
executed,command,org.eclipse.ui,3.7.0.v20110928-1505,"org.eclipse.ui.edit.undo",1389285747597
executed,command,org.eclipse.ui.workbench.texteditor,3.7.0.v20110928-1504,"org.eclipse.ui.edit.text.select.wordPrevious",1389285750967
executed,command,org.eclipse.ui,3.7.0.v20110928-1505,"org.eclipse.ui.file.save",1389285752174
deactivated,workbench,org.eclipse.ui.workbench,3.7.1.v20120104-1859,"",1389285752582
activated,workbench,org.eclipse.ui.workbench,3.7.1.v20120104-1859,"",1389285754606
executed,command,org.eclipse.ui.workbench.texteditor,3.7.0.v20110928-1504,"org.eclipse.ui.edit.text.select.lineStart",1389285756638
executed,command,org.eclipse.ui.workbench.texteditor,3.7.0.v20110928-1504,"org.eclipse.ui.edit.text.select.lineStart",1389285756797
executed,command,org.eclipse.ui,3.7.0.v20110928-1505,"org.eclipse.ui.file.save",1389285757474
deactivated,workbench,org.eclipse.ui.workbench,3.7.1.v20120104-1859,"",1389285757971
activated,workbench,org.eclipse.ui.workbench,3.7.1.v20120104-1859,"",1389285765157
deactivated,workbench,org.eclipse.ui.workbench,3.7.1.v20120104-1859,"",1389285771117
activated,workbench,org.eclipse.ui.workbench,3.7.1.v20120104-1859,"",1389285772199
activated,editor,org.eclipse.wst.jsdt.ui,1.1.102.v201201131900,"org.eclipse.wst.jsdt.ui.CompilationUnitEditor",1389285782075
activated,editor,org.eclipse.wst.css.ui,1.0.601.v201201101544,"org.eclipse.wst.css.core.csssource.source",1389285783356
deactivated,workbench,org.eclipse.ui.workbench,3.7.1.v20120104-1859,"",1389285784741
activated,workbench,org.eclipse.ui.workbench,3.7.1.v20120104-1859,"",1389285789732
activated,editor,org.eclipse.wst.jsdt.ui,1.1.102.v201201131900,"org.eclipse.wst.jsdt.ui.CompilationUnitEditor",1389285794868
activated,editor,org.eclipse.wst.html.ui,1.0.602.v201202091936,"org.eclipse.wst.html.core.htmlsource.source",1389285796131
activated,editor,org.eclipse.wst.css.ui,1.0.601.v201201101544,"org.eclipse.wst.css.core.csssource.source",1389285798832
executed,command,org.eclipse.ui,3.7.0.v20110928-1505,"org.eclipse.ui.file.save",1389285805962
activated,editor,org.eclipse.wst.html.ui,1.0.602.v201202091936,"org.eclipse.wst.html.core.htmlsource.source",1389285808315
executed,command,org.eclipse.ui,3.7.0.v20110928-1505,"org.eclipse.ui.file.save",1389285810714
deactivated,workbench,org.eclipse.ui.workbench,3.7.1.v20120104-1859,"",1389285811003
activated,workbench,org.eclipse.ui.workbench,3.7.1.v20120104-1859,"",1389285812768
activated,editor,org.eclipse.wst.css.ui,1.0.601.v201201101544,"org.eclipse.wst.css.core.csssource.source",1389285817149
executed,command,org.eclipse.ui,3.7.0.v20110928-1505,"org.eclipse.ui.file.save",1389285820763
deactivated,workbench,org.eclipse.ui.workbench,3.7.1.v20120104-1859,"",1389285821074
activated,workbench,org.eclipse.ui.workbench,3.7.1.v20120104-1859,"",1389285826677
deactivated,workbench,org.eclipse.ui.workbench,3.7.1.v20120104-1859,"",1389285827466
activated,workbench,org.eclipse.ui.workbench,3.7.1.v20120104-1859,"",1389285828970
deactivated,workbench,org.eclipse.ui.workbench,3.7.1.v20120104-1859,"",1389285841533
activated,workbench,org.eclipse.ui.workbench,3.7.1.v20120104-1859,"",1389285844249
executed,command,org.eclipse.ui,3.7.0.v20110928-1505,"org.eclipse.ui.file.save",1389285850410
deactivated,workbench,org.eclipse.ui.workbench,3.7.1.v20120104-1859,"",1389285850681
activated,workbench,org.eclipse.ui.workbench,3.7.1.v20120104-1859,"",1389285852026
executed,command,org.eclipse.ui,3.7.0.v20110928-1505,"org.eclipse.ui.file.save",1389285854229
deactivated,workbench,org.eclipse.ui.workbench,3.7.1.v20120104-1859,"",1389285854549
activated,workbench,org.eclipse.ui.workbench,3.7.1.v20120104-1859,"",1389285865110
executed,command,org.eclipse.ui,3.7.0.v20110928-1505,"org.eclipse.ui.edit.undo",1389285878478
executed,command,org.eclipse.ui,3.7.0.v20110928-1505,"org.eclipse.ui.edit.undo",1389285878806
executed,command,org.eclipse.ui,3.7.0.v20110928-1505,"org.eclipse.ui.edit.undo",1389285879038
executed,command,org.eclipse.ui,3.7.0.v20110928-1505,"org.eclipse.ui.edit.undo",1389285879248
executed,command,org.eclipse.ui,3.7.0.v20110928-1505,"org.eclipse.ui.edit.undo",1389285879598
executed,command,org.eclipse.ui,3.7.0.v20110928-1505,"org.eclipse.ui.edit.redo",1389285881061
executed,command,org.eclipse.ui,3.7.0.v20110928-1505,"org.eclipse.ui.edit.redo",1389285881413
executed,command,org.eclipse.ui,3.7.0.v20110928-1505,"org.eclipse.ui.edit.undo",1389285882205
activated,editor,org.eclipse.wst.html.ui,1.0.602.v201202091936,"org.eclipse.wst.html.core.htmlsource.source",1389285883038
executed,command,org.eclipse.ui,3.7.0.v20110928-1505,"org.eclipse.ui.edit.undo",1389285883608
executed,command,org.eclipse.ui,3.7.0.v20110928-1505,"org.eclipse.ui.edit.undo",1389285884028
executed,command,org.eclipse.ui,3.7.0.v20110928-1505,"org.eclipse.ui.file.save",1389285884710
deactivated,workbench,org.eclipse.ui.workbench,3.7.1.v20120104-1859,"",1389285885082
activated,workbench,org.eclipse.ui.workbench,3.7.1.v20120104-1859,"",1389285898841
deactivated,workbench,org.eclipse.ui.workbench,3.7.1.v20120104-1859,"",1389285900874
activated,workbench,org.eclipse.ui.workbench,3.7.1.v20120104-1859,"",1389285901807
deactivated,workbench,org.eclipse.ui.workbench,3.7.1.v20120104-1859,"",1389285903210
activated,workbench,org.eclipse.ui.workbench,3.7.1.v20120104-1859,"",1389285912490
activated,editor,org.eclipse.wst.jsdt.ui,1.1.102.v201201131900,"org.eclipse.wst.jsdt.ui.CompilationUnitEditor",1389285922854
deactivated,workbench,org.eclipse.ui.workbench,3.7.1.v20120104-1859,"",1389285965850
activated,workbench,org.eclipse.ui.workbench,3.7.1.v20120104-1859,"",1389286048807
activated,editor,org.eclipse.wst.html.ui,1.0.602.v201202091936,"org.eclipse.wst.html.core.htmlsource.source",1389286051965
activated,editor,org.eclipse.wst.jsdt.ui,1.1.102.v201201131900,"org.eclipse.wst.jsdt.ui.CompilationUnitEditor",1389286053966
activated,editor,org.eclipse.wst.html.ui,1.0.602.v201202091936,"org.eclipse.wst.html.core.htmlsource.source",1389286055028
activated,editor,org.eclipse.wst.jsdt.ui,1.1.102.v201201131900,"org.eclipse.wst.jsdt.ui.CompilationUnitEditor",1389286056912
activated,editor,org.eclipse.wst.html.ui,1.0.602.v201202091936,"org.eclipse.wst.html.core.htmlsource.source",1389286085561
executed,command,org.eclipse.ui,3.7.0.v20110928-1505,"org.eclipse.ui.file.save",1389286089971
deactivated,workbench,org.eclipse.ui.workbench,3.7.1.v20120104-1859,"",1389286090456
activated,workbench,org.eclipse.ui.workbench,3.7.1.v20120104-1859,"",1389286117416
deactivated,workbench,org.eclipse.ui.workbench,3.7.1.v20120104-1859,"",1389286133803
activated,workbench,org.eclipse.ui.workbench,3.7.1.v20120104-1859,"",1389286238747
deactivated,workbench,org.eclipse.ui.workbench,3.7.1.v20120104-1859,"",1389286374776
activated,workbench,org.eclipse.ui.workbench,3.7.1.v20120104-1859,"",1389286453539
activated,editor,org.eclipse.wst.jsdt.ui,1.1.102.v201201131900,"org.eclipse.wst.jsdt.ui.CompilationUnitEditor",1389286460291
activated,editor,org.eclipse.wst.html.ui,1.0.602.v201202091936,"org.eclipse.wst.html.core.htmlsource.source",1389286514405
activated,editor,org.eclipse.wst.jsdt.ui,1.1.102.v201201131900,"org.eclipse.wst.jsdt.ui.CompilationUnitEditor",1389286558578
executed,command,org.eclipse.ui.workbench.texteditor,3.7.0.v20110928-1504,"org.eclipse.ui.edit.text.select.lineStart",1389286579035
executed,command,org.eclipse.ui,3.7.0.v20110928-1505,"org.eclipse.ui.edit.copy",1389286579465
executed,command,org.eclipse.ui,3.7.0.v20110928-1505,"org.eclipse.ui.edit.paste",1389286581187
executed,command,org.eclipse.ui,3.7.0.v20110928-1505,"org.eclipse.ui.edit.copy",1389286585402
executed,command,org.eclipse.ui,3.7.0.v20110928-1505,"org.eclipse.ui.edit.paste",1389286586953
executed,command,org.eclipse.ui.workbench.texteditor,3.7.0.v20110928-1504,"org.eclipse.ui.edit.text.goto.lineStart",1389286590768
executed,command,org.eclipse.ui.workbench.texteditor,3.7.0.v20110928-1504,"org.eclipse.ui.edit.text.goto.lineEnd",1389286617352
executed,command,org.eclipse.ui,3.7.0.v20110928-1505,"org.eclipse.ui.file.save",1389286618730
deactivated,workbench,org.eclipse.ui.workbench,3.7.1.v20120104-1859,"",1389286620424
activated,workbench,org.eclipse.ui.workbench,3.7.1.v20120104-1859,"",1389286677964
executed,command,org.eclipse.ui,3.7.0.v20110928-1505,"org.eclipse.ui.file.save",1389286689653
deactivated,workbench,org.eclipse.ui.workbench,3.7.1.v20120104-1859,"",1389286690090
activated,workbench,org.eclipse.ui.workbench,3.7.1.v20120104-1859,"",1389286695368
activated,editor,org.eclipse.wst.html.ui,1.0.602.v201202091936,"org.eclipse.wst.html.core.htmlsource.source",1389286704338
activated,editor,org.eclipse.wst.jsdt.ui,1.1.102.v201201131900,"org.eclipse.wst.jsdt.ui.CompilationUnitEditor",1389286707070
deactivated,workbench,org.eclipse.ui.workbench,3.7.1.v20120104-1859,"",1389286709623
executed,command,org.eclipse.ui,3.7.0.v20110928-1505,"org.eclipse.ui.edit.findReplace",1389286709638
activated,workbench,org.eclipse.ui.workbench,3.7.1.v20120104-1859,"",1389286718129
executed,command,org.eclipse.ui.workbench.texteditor,3.7.0.v20110928-1504,"org.eclipse.ui.edit.text.select.lineEnd",1389286720068
executed,command,org.eclipse.ui.workbench.texteditor,3.7.0.v20110928-1504,"org.eclipse.ui.edit.text.select.lineEnd",1389286720238
executed,command,org.eclipse.ui,3.7.0.v20110928-1505,"org.eclipse.ui.edit.copy",1389286721008
deactivated,workbench,org.eclipse.ui.workbench,3.7.1.v20120104-1859,"",1389286721380
activated,workbench,org.eclipse.ui.workbench,3.7.1.v20120104-1859,"",1389286736326
deactivated,workbench,org.eclipse.ui.workbench,3.7.1.v20120104-1859,"",1389286844021
activated,workbench,org.eclipse.ui.workbench,3.7.1.v20120104-1859,"",1389286868419
activated,editor,org.eclipse.wst.css.ui,1.0.601.v201201101544,"org.eclipse.wst.css.core.csssource.source",1389286872493
executed,command,org.eclipse.ui,3.7.0.v20110928-1505,"org.eclipse.ui.file.save",1389286873480
deactivated,workbench,org.eclipse.ui.workbench,3.7.1.v20120104-1859,"",1389286874039
activated,workbench,org.eclipse.ui.workbench,3.7.1.v20120104-1859,"",1389286885066
activated,editor,org.eclipse.wst.html.ui,1.0.602.v201202091936,"org.eclipse.wst.html.core.htmlsource.source",1389286887189
executed,command,org.eclipse.ui,3.7.0.v20110928-1505,"org.eclipse.ui.file.save",1389286891456
deactivated,workbench,org.eclipse.ui.workbench,3.7.1.v20120104-1859,"",1389286892079
activated,workbench,org.eclipse.ui.workbench,3.7.1.v20120104-1859,"",1389286968198
